{
  "results": {
    "Apple___Apple_scab": 0.048197370022535324,
    "Apple___Black_rot": 0.0005722201894968748,
    "Apple___Cedar_apple_rust": 0.3785625696182251,
    "Apple___healthy": 7.542757521150634e-05,
    "Blueberry___healthy": 0.0003113645361736417,
    "Cherry_(including_sour)___Powdery_mildew": 0.059820957481861115,
    "Cherry_(including_sour)___healthy": 2.063907049887348e-05,
    "Corn_(maize)___Cercospora_leaf_spot Gray_leaf_spot": 0.39372313022613525,
    "Corn_(maize)___Common_rust_": 0.002903193002566695,
    "Corn_(maize)___Northern_Leaf_Blight": 0.08462940901517868,
    "Corn_(maize)___healthy": 0.00024934473913162947,
    "Grape___Black_rot": 0.0003005654434673488,
    "Grape___Esca_(Black_Measles)": 0.0040767076425254345,
    "Grape___Leaf_blight_(Isariopsis_Leaf_Spot)": 0.0008304265211336315,
    "Grape___healthy": 3.1800547731108963e-05,
    "Orange___Haunglongbing_(Citrus_greening)": 0.00021173956338316202,
    "Peach___Bacterial_spot": 0.0001823947677621618,
    "Peach___healthy": 0.0001991796016227454,
    "Pepper,_bell___Bacterial_spot": 0.0002699541801121086,
    "Pepper,_bell___healthy": 5.7489309256197885e-05,
    "Potato___Early_blight": 0.00028648978332057595,
    "Potato___Late_blight": 0.00213297619484365,
    "Potato___healthy": 0.0006344225839711726,
    "Raspberry___healthy": 0.0005353124579414725,
    "Soybean___healthy": 6.68418942950666e-05,
    "Squash___Powdery_mildew": 0.01097495760768652,
    "Strawberry___Leaf_scorch": 0.0014000217197462916,
    "Strawberry___healthy": 0.00019679762772284448,
    "Tomato___Bacterial_spot": 0.0005989141063764691,
    "Tomato___Early_blight": 0.0012576510198414326,
    "Tomato___Late_blight": 0.0036104521714150906,
    "Tomato___Leaf_Mold": 0.0002558092528488487,
    "Tomato___Septoria_leaf_spot": 0.000900834274943918,
    "Tomato___Spider_mites Two-spotted_spider_mite": 3.3584579796297476e-05,
    "Tomato___Target_Spot": 6.99820666341111e-05,
    "Tomato___Tomato_Yellow_Leaf_Curl_Virus": 0.000986413680948317,
    "Tomato___Tomato_mosaic_virus": 0.0008074174984358251,
    "Tomato___healthy": 2.5395085685886443e-05
  },
  "meta": {
    "max_p": 0.39372313022613525,
    "entropy": 1.4646698236465454,
    "unknown": true,
    "mode": "multiclass"
  }
}