{
  "results": {
    "Apple___Apple_scab": 0.0032316846773028374,
    "Apple___Black_rot": 0.00011318652104819193,
    "Apple___Cedar_apple_rust": 0.0014394321478903294,
    "Apple___healthy": 0.0015426336321979761,
    "Blueberry___healthy": 0.0004869050462730229,
    "Cherry_(including_sour)___Powdery_mildew": 0.024025676771998405,
    "Cherry_(including_sour)___healthy": 1.0669105904526077e-05,
    "Corn_(maize)___Cercospora_leaf_spot Gray_leaf_spot": 0.00015730157610960305,
    "Corn_(maize)___Common_rust_": 0.0003956879663746804,
    "Corn_(maize)___Northern_Leaf_Blight": 9.731982572702691e-05,
    "Corn_(maize)___healthy": 2.4797474907245487e-05,
    "Grape___Black_rot": 0.0011855065822601318,
    "Grape___Esca_(Black_Measles)": 0.0017120996490120888,
    "Grape___Leaf_blight_(Isariopsis_Leaf_Spot)": 0.28785252571105957,
    "Grape___healthy": 0.0005448856973089278,
    "Orange___Haunglongbing_(Citrus_greening)": 0.0012853809166699648,
    "Peach___Bacterial_spot": 8.882315160008147e-05,
    "Peach___healthy": 8.302862261189148e-05,
    "Pepper,_bell___Bacterial_spot": 9.179726475849748e-05,
    "Pepper,_bell___healthy": 0.0001622967974981293,
    "Potato___Early_blight": 4.569229713524692e-05,
    "Potato___Late_blight": 0.002267351606860757,
    "Potato___healthy": 0.004748318810015917,
    "Raspberry___healthy": 0.03470264747738838,
    "Soybean___healthy": 0.00010977864440064877,
    "Squash___Powdery_mildew": 0.2040293663740158,
    "Strawberry___Leaf_scorch": 0.014268315397202969,
    "Strawberry___healthy": 0.034693703055381775,
    "Tomato___Bacterial_spot": 0.0014198186108842492,
    "Tomato___Early_blight": 0.00030939443968236446,
    "Tomato___Late_blight": 0.003500760067254305,
    "Tomato___Leaf_Mold": 0.00011995112436125055,
    "Tomato___Septoria_leaf_spot": 0.00018350455502513796,
    "Tomato___Spider_mites Two-spotted_spider_mite": 0.0010566511191427708,
    "Tomato___Target_Spot": 0.0001307350757997483,
    "Tomato___Tomato_Yellow_Leaf_Curl_Virus": 0.37007200717926025,
    "Tomato___Tomato_mosaic_virus": 0.0009312329348176718,
    "Tomato___healthy": 0.002879026113077998
  },
  "meta": {
    "max_p": 0.37007200717926025,
    "entropy": 1.6246592998504639,
    "unknown": true,
    "mode": "multiclass"
  }
}