{
  "results": {
    "Apple___Apple_scab": 0.0018489662325009704,
    "Apple___Black_rot": 0.0033420734107494354,
    "Apple___Cedar_apple_rust": 0.0074262418784201145,
    "Apple___healthy": 0.0001099923174479045,
    "Blueberry___healthy": 3.697057763929479e-05,
    "Cherry_(including_sour)___Powdery_mildew": 0.00012482759484555572,
    "Cherry_(including_sour)___healthy": 0.0004347176291048527,
    "Corn_(maize)___Cercospora_leaf_spot Gray_leaf_spot": 0.0007198096718639135,
    "Corn_(maize)___Common_rust_": 0.0015388572355732322,
    "Corn_(maize)___Northern_Leaf_Blight": 0.00029284859192557633,
    "Corn_(maize)___healthy": 8.95616381058062e-07,
    "Grape___Black_rot": 0.03697209432721138,
    "Grape___Esca_(Black_Measles)": 0.00322415167465806,
    "Grape___Leaf_blight_(Isariopsis_Leaf_Spot)": 0.013904777355492115,
    "Grape___healthy": 0.0003678511129692197,
    "Orange___Haunglongbing_(Citrus_greening)": 1.5709078070358373e-05,
    "Peach___Bacterial_spot": 0.001013682340271771,
    "Peach___healthy": 2.7629066607914865e-05,
    "Pepper,_bell___Bacterial_spot": 0.0004632501513697207,
    "Pepper,_bell___healthy": 4.419177275849506e-05,
    "Potato___Early_blight": 0.0034535760059952736,
    "Potato___Late_blight": 9.505217167316005e-05,
    "Potato___healthy": 0.00022332629305310547,
    "Raspberry___healthy": 0.0035199574194848537,
    "Soybean___healthy": 1.5441082723555155e-05,
    "Squash___Powdery_mildew": 0.3533009886741638,
    "Strawberry___Leaf_scorch": 0.5377572178840637,
    "Strawberry___healthy": 0.001335828215815127,
    "Tomato___Bacterial_spot": 0.00027391957701183856,
    "Tomato___Early_blight": 0.0001864223158918321,
    "Tomato___Late_blight": 0.00011085627193097025,
    "Tomato___Leaf_Mold": 2.36655687331222e-05,
    "Tomato___Septoria_leaf_spot": 0.026305563747882843,
    "Tomato___Spider_mites Two-spotted_spider_mite": 6.822785053373082e-06,
    "Tomato___Target_Spot": 4.683151200879365e-05,
    "Tomato___Tomato_Yellow_Leaf_Curl_Virus": 0.00014698694576509297,
    "Tomato___Tomato_mosaic_virus": 0.0012266318080946803,
    "Tomato___healthy": 6.140249024610966e-05
  },
  "meta": {
    "max_p": 0.5377572178840637,
    "entropy": 1.1686491966247559,
    "unknown": true,
    "mode": "multiclass"
  }
}