{
  "results": {
    "Apple___Apple_scab": 0.331966370344162,
    "Apple___Black_rot": 2.756712638074532e-05,
    "Apple___Cedar_apple_rust": 0.41146260499954224,
    "Apple___healthy": 0.0031622089445590973,
    "Blueberry___healthy": 0.0013081198558211327,
    "Cherry_(including_sour)___Powdery_mildew": 0.044777095317840576,
    "Cherry_(including_sour)___healthy": 1.8826705854735337e-05,
    "Corn_(maize)___Cercospora_leaf_spot Gray_leaf_spot": 8.683912892593071e-05,
    "Corn_(maize)___Common_rust_": 0.0016457851743325591,
    "Corn_(maize)___Northern_Leaf_Blight": 0.00019006195361725986,
    "Corn_(maize)___healthy": 0.013064175844192505,
    "Grape___Black_rot": 0.0005171324592083693,
    "Grape___Esca_(Black_Measles)": 0.0003675843181554228,
    "Grape___Leaf_blight_(Isariopsis_Leaf_Spot)": 0.0009289557347074151,
    "Grape___healthy": 0.0002248222881462425,
    "Orange___Haunglongbing_(Citrus_greening)": 0.002047176705673337,
    "Peach___Bacterial_spot": 0.0009491604287177324,
    "Peach___healthy": 0.0005918173701502383,
    "Pepper,_bell___Bacterial_spot": 3.653416206361726e-05,
    "Pepper,_bell___healthy": 0.001053542597219348,
    "Potato___Early_blight": 3.1296422093873844e-05,
    "Potato___Late_blight": 0.00017665530322119594,
    "Potato___healthy": 0.00016756998957134783,
    "Raspberry___healthy": 0.00047626980813220143,
    "Soybean___healthy": 1.3793959624308627e-05,
    "Squash___Powdery_mildew": 0.1066301017999649,
    "Strawberry___Leaf_scorch": 0.0005891150212846696,
    "Strawberry___healthy": 0.0005295344744808972,
    "Tomato___Bacterial_spot": 0.000576413469389081,
    "Tomato___Early_blight": 0.00023435433104168624,
    "Tomato___Late_blight": 0.033264294266700745,
    "Tomato___Leaf_Mold": 0.0006244566175155342,
    "Tomato___Septoria_leaf_spot": 0.0005568322958424687,
    "Tomato___Spider_mites Two-spotted_spider_mite": 3.0116279958747327e-05,
    "Tomato___Target_Spot": 3.523731356835924e-05,
    "Tomato___Tomato_Yellow_Leaf_Curl_Virus": 0.03832869231700897,
    "Tomato___Tomato_mosaic_virus": 0.001631715102121234,
    "Tomato___healthy": 0.0016772964736446738
  },
  "meta": {
    "max_p": 0.41146260499954224,
    "entropy": 1.5433369874954224,
    "unknown": true,
    "mode": "multiclass"
  }
}