{
  "results": {
    "Apple___Apple_scab": 0.0012940738815814257,
    "Apple___Black_rot": 0.00554101774469018,
    "Apple___Cedar_apple_rust": 0.13728083670139313,
    "Apple___healthy": 0.01229308545589447,
    "Blueberry___healthy": 0.000987557228654623,
    "Cherry_(including_sour)___Powdery_mildew": 0.11927521973848343,
    "Cherry_(including_sour)___healthy": 0.000320327264489606,
    "Corn_(maize)___Cercospora_leaf_spot Gray_leaf_spot": 0.00033066439209505916,
    "Corn_(maize)___Common_rust_": 0.001861137105152011,
    "Corn_(maize)___Northern_Leaf_Blight": 0.0014811197761446238,
    "Corn_(maize)___healthy": 0.012865434400737286,
    "Grape___Black_rot": 0.002005744492635131,
    "Grape___Esca_(Black_Measles)": 0.0059981634840369225,
    "Grape___Leaf_blight_(Isariopsis_Leaf_Spot)": 0.0003176629834342748,
    "Grape___healthy": 0.0009298659861087799,
    "Orange___Haunglongbing_(Citrus_greening)": 0.009543818421661854,
    "Peach___Bacterial_spot": 0.007562410086393356,
    "Peach___healthy": 0.003944901749491692,
    "Pepper,_bell___Bacterial_spot": 0.0009748322772793472,
    "Pepper,_bell___healthy": 0.0017700185999274254,
    "Potato___Early_blight": 0.00011949460167670622,
    "Potato___Late_blight": 0.00012636103201657534,
    "Potato___healthy": 0.0006056084530428052,
    "Raspberry___healthy": 0.00016428486560471356,
    "Soybean___healthy": 0.00012442891602404416,
    "Squash___Powdery_mildew": 0.0030510975047945976,
    "Strawberry___Leaf_scorch": 0.0005287129897624254,
    "Strawberry___healthy": 0.0009695031330920756,
    "Tomato___Bacterial_spot": 0.04249098151922226,
    "Tomato___Early_blight": 0.009823714382946491,
    "Tomato___Late_blight": 0.0578727200627327,
    "Tomato___Leaf_Mold": 0.0072692628018558025,
    "Tomato___Septoria_leaf_spot": 0.0033621082548052073,
    "Tomato___Spider_mites Two-spotted_spider_mite": 0.00026932876789942384,
    "Tomato___Target_Spot": 0.0010754093527793884,
    "Tomato___Tomato_Yellow_Leaf_Curl_Virus": 0.5306568145751953,
    "Tomato___Tomato_mosaic_virus": 0.0010669621406123042,
    "Tomato___healthy": 0.013845274224877357
  },
  "meta": {
    "max_p": 0.5306568145751953,
    "entropy": 1.7299269437789917,
    "unknown": true,
    "mode": "multiclass"
  }
}