{
  "results": {
    "Apple___Apple_scab": 0.01064713392406702,
    "Apple___Black_rot": 0.00032052811002358794,
    "Apple___Cedar_apple_rust": 0.2805474102497101,
    "Apple___healthy": 7.410223042825237e-05,
    "Blueberry___healthy": 4.44152501586359e-05,
    "Cherry_(including_sour)___Powdery_mildew": 0.10270074009895325,
    "Cherry_(including_sour)___healthy": 1.4929692952136975e-05,
    "Corn_(maize)___Cercospora_leaf_spot Gray_leaf_spot": 0.0043796757236123085,
    "Corn_(maize)___Common_rust_": 0.0025572318118065596,
    "Corn_(maize)___Northern_Leaf_Blight": 0.0017778329784050584,
    "Corn_(maize)___healthy": 0.00024238540208898485,
    "Grape___Black_rot": 0.00017149385530501604,
    "Grape___Esca_(Black_Measles)": 0.002119956072419882,
    "Grape___Leaf_blight_(Isariopsis_Leaf_Spot)": 0.11921771615743637,
    "Grape___healthy": 6.558673339895904e-05,
    "Orange___Haunglongbing_(Citrus_greening)": 9.55192736000754e-05,
    "Peach___Bacterial_spot": 9.096659778151661e-05,
    "Peach___healthy": 0.00011323999206069857,
    "Pepper,_bell___Bacterial_spot": 3.296361319371499e-05,
    "Pepper,_bell___healthy": 3.661664959508926e-05,
    "Potato___Early_blight": 0.0012386784655973315,
    "Potato___Late_blight": 0.006095402408391237,
    "Potato___healthy": 0.00041421863716095686,
    "Raspberry___healthy": 0.001309125334955752,
    "Soybean___healthy": 5.462499757413752e-06,
    "Squash___Powdery_mildew": 0.42765092849731445,
    "Strawberry___Leaf_scorch": 0.0021438717376440763,
    "Strawberry___healthy": 0.000187068319064565,
    "Tomato___Bacterial_spot": 0.0001472921867389232,
    "Tomato___Early_blight": 0.0014548723120242357,
    "Tomato___Late_blight": 0.029998967424035072,
    "Tomato___Leaf_Mold": 6.547031080117449e-05,
    "Tomato___Septoria_leaf_spot": 0.0002777088084258139,
    "Tomato___Spider_mites Two-spotted_spider_mite": 7.816096331225708e-05,
    "Tomato___Target_Spot": 8.027383591979742e-05,
    "Tomato___Tomato_Yellow_Leaf_Curl_Virus": 0.0003685264673549682,
    "Tomato___Tomato_mosaic_virus": 0.002712809946388006,
    "Tomato___healthy": 0.0005208388902246952
  },
  "meta": {
    "max_p": 0.42765092849731445,
    "entropy": 1.5397913455963135,
    "unknown": true,
    "mode": "multiclass"
  }
}